AudioData	ChildID	Age	ITS
7159704279	597AF93B000332AR	976	e20170707_092123_013098
3230372131	597AF93B000332AR	976	e20170707_092123_013098
0569281470	597AF93B000332AR	976	e20170707_092123_013098
5497488307	597AF93B000332AR	976	e20170707_092123_013098
6219148106	597AF93B000332AR	976	e20170707_092123_013098
9938307190	597AF93B000332AR	976	e20170707_092123_013098
3072259701	597AF93B000332AR	976	e20170707_092123_013098
8309252181	597AF93B000332AR	976	e20170707_092123_013098
8825686221	597AF93B000332AR	976	e20170707_092123_013098
3193370267	597AF93B000332AR	976	e20170707_092123_013098
4214079305	597AF93B000332AR	976	e20170707_092123_013098
9440525806	597AF93B000332AR	976	e20170707_092123_013098
3917569739	597AF93B000332AR	976	e20170707_092123_013098
6666658275	597AF93B000332AR	976	e20170707_092123_013098
2845319192	597AF93B000332AR	976	e20170707_092123_013098
9684122032	597AF93B000332AR	976	e20170707_092123_013098
9446644803	597AF93B000332AR	976	e20170707_092123_013098
6177027656	597AF93B000332AR	976	e20170707_092123_013098
6516820730	597AF93B000332AR	976	e20170707_092123_013098
7573380990	597AF93B000332AR	976	e20170707_092123_013098
5380418758	597AF93B000332AR	976	e20170707_092123_013098
5225653004	597AF93B000332AR	976	e20170707_092123_013098
8282885623	597AF93B000332AR	976	e20170707_092123_013098
8363805335	597AF93B000332AR	976	e20170707_092123_013098
7691975031	597AF93B000332AR	976	e20170707_092123_013098
2545249588	597AF93B000332AR	976	e20170707_092123_013098
7630771624	597AF93B000332AR	976	e20170707_092123_013098
4215588988	597AF93B000332AR	976	e20170707_092123_013098
9697037219	597AF93B000332AR	976	e20170707_092123_013098
2607024376	597AF93B000332AR	976	e20170707_092123_013098
7172105251	597AF93B000332AR	976	e20170707_092123_013098
4080749337	597AF93B000332AR	976	e20170707_092123_013098
2877846503	597AF93B000332AR	976	e20170707_092123_013098
6508035597	597AF93B000332AR	976	e20170707_092123_013098
1278362160	597AF93B000332AR	976	e20170707_092123_013098
3130065837	597AF93B000332AR	976	e20170707_092123_013098
4327462820	597AF93B000332AR	976	e20170707_092123_013098
7560805119	597AF93B000332AR	976	e20170707_092123_013098
4748410786	597AF93B000332AR	976	e20170707_092123_013098
2198798583	597AF93B000332AR	976	e20170707_092123_013098
4799386812	597AF93B000332AR	976	e20170707_092123_013098
8987549164	597AF93B000332AR	976	e20170707_092123_013098
8971863254	597AF93B000332AR	976	e20170707_092123_013098
0078052218	597AF93B000332AR	976	e20170707_092123_013098
4659909568	597AF93B000332AR	976	e20170707_092123_013098
2904654977	597AF93B000332AR	976	e20170707_092123_013098
8417521865	597AF93B000332AR	976	e20170707_092123_013098
4012148277	597AF93B000332AR	976	e20170707_092123_013098
0972089255	597AF93B000332AR	976	e20170707_092123_013098
9619868758	597AF93B000332AR	976	e20170707_092123_013098
5219524921	597AF93B000332AR	976	e20170707_092123_013098
9385185618	597AF93B000332AR	976	e20170707_092123_013098
0737214100	597AF93B000332AR	976	e20170707_092123_013098
5947793321	597AF93B000332AR	976	e20170707_092123_013098
1760936309	597AF93B000332AR	976	e20170707_092123_013098
3666505985	597AF93B000332AR	976	e20170707_092123_013098
9740484646	597AF93B000332AR	976	e20170707_092123_013098
5617647060	597AF93B000332AR	976	e20170707_092123_013098
8970294384	597AF93B000332AR	976	e20170707_092123_013098
8728090724	597AF93B000332AR	976	e20170707_092123_013098
4053394115	597AF93B000332AR	976	e20170707_092123_013098
3566066103	597AF93B000332AR	976	e20170707_092123_013098
2738571293	597AF93B000332AR	976	e20170707_092123_013098
7615131695	597AF93B000332AR	976	e20170707_092123_013098
9482975619	597AF93B000332AR	976	e20170707_092123_013098
2919833187	597AF93B000332AR	976	e20170707_092123_013098
8566796032	597AF93B000332AR	976	e20170707_092123_013098
0351537387	597AF93B000332AR	976	e20170707_092123_013098
4851250523	597AF93B000332AR	976	e20170707_092123_013098
9371299101	597AF93B000332AR	976	e20170707_092123_013098
1191647029	597AF93B000332AR	976	e20170707_092123_013098
6933283019	597AF93B000332AR	976	e20170707_092123_013098
6911154991	597AF93B000332AR	976	e20170707_092123_013098
3135814841	597AF93B000332AR	976	e20170707_092123_013098
9792781220	597AF93B000332AR	976	e20170707_092123_013098
8248617892	597AF93B000332AR	976	e20170707_092123_013098
2759904407	597AF93B000332AR	976	e20170707_092123_013098
5247275600	597AF93B000332AR	976	e20170707_092123_013098
6541150277	597AF93B000332AR	976	e20170707_092123_013098
7879822738	597AF93B000332AR	976	e20170707_092123_013098
6147460235	597AF93B000332AR	976	e20170707_092123_013098
9605233802	597AF93B000332AR	976	e20170707_092123_013098
0232814079	597AF93B000332AR	976	e20170707_092123_013098
5472846761	597AF93B000332AR	976	e20170707_092123_013098
0396827843	597AF93B000332AR	976	e20170707_092123_013098
1596294777	597AF93B000332AR	976	e20170707_092123_013098
9657246392	597AF93B000332AR	976	e20170707_092123_013098
9174649232	597AF93B000332AR	976	e20170707_092123_013098
8799484340	597AF93B000332AR	976	e20170707_092123_013098
7692303101	597AF93B000332AR	976	e20170707_092123_013098
6034149666	597AF93B000332AR	976	e20170707_092123_013098
0635162295	597AF93B000332AR	976	e20170707_092123_013098
4099883009	597AF93B000332AR	976	e20170707_092123_013098
0030485144	597AF93B000332AR	976	e20170707_092123_013098
6370585475	597AF93B000332AR	976	e20170707_092123_013098
6694806399	597AF93B000332AR	976	e20170707_092123_013098
2505873245	597AF93B000332AR	976	e20170707_092123_013098
1585133100	597AF93B000332AR	976	e20170707_092123_013098
0576589343	597AF93B000332AR	976	e20170707_092123_013098
5830509824	597AF93B000332AR	976	e20170707_092123_013098
5335338230	597AF93B000332AR	976	e20170707_092123_013098
3528705713	597AF93B000332AR	976	e20170707_092123_013098
5193685358	597AF93B000332AR	976	e20170707_092123_013098
1955313603	597AF93B000332AR	976	e20170707_092123_013098
7116554983	597AF93B000332AR	976	e20170707_092123_013098
2333284906	597AF93B000332AR	976	e20170707_092123_013098
6273106999	597AF93B000332AR	976	e20170707_092123_013098
9176834577	597AF93B000332AR	976	e20170707_092123_013098
7751796674	597AF93B000332AR	976	e20170707_092123_013098
0060391530	597AF93B000332AR	976	e20170707_092123_013098
6681322990	597AF93B000332AR	976	e20170707_092123_013098
9542118732	597AF93B000332AR	976	e20170707_092123_013098
8821431637	597AF93B000332AR	976	e20170707_092123_013098
2157585071	597AF93B000332AR	976	e20170707_092123_013098
3823815436	597AF93B000332AR	976	e20170707_092123_013098
9953196324	597AF93B000332AR	976	e20170707_092123_013098
2269415908	597AF93B000332AR	976	e20170707_092123_013098
0663220377	597AF93B000332AR	976	e20170707_092123_013098
7627509691	597AF93B000332AR	976	e20170707_092123_013098
6047144191	597AF93B000332AR	976	e20170707_092123_013098
5193303384	597AF93B000332AR	976	e20170707_092123_013098
7128973154	597AF93B000332AR	976	e20170707_092123_013098
7742260371	597AF93B000332AR	976	e20170707_092123_013098
0845375063	597AF93B000332AR	976	e20170707_092123_013098
8101068730	597AF93B000332AR	976	e20170707_092123_013098
2644880035	597AF93B000332AR	976	e20170707_092123_013098
2226450875	597AF93B000332AR	976	e20170707_092123_013098
0851405200	597AF93B000332AR	976	e20170707_092123_013098
6636360793	597AF93B000332AR	976	e20170707_092123_013098
2355455483	597AF93B000332AR	976	e20170707_092123_013098
1552665830	597AF93B000332AR	976	e20170707_092123_013098
2222247733	597AF93B000332AR	976	e20170707_092123_013098
9010143060	597AF93B000332AR	976	e20170707_092123_013098
0166361051	597AF93B000332AR	976	e20170707_092123_013098
0914676296	597AF93B000332AR	976	e20170707_092123_013098
8405076447	597AF93B000332AR	976	e20170707_092123_013098
3873171205	597AF93B000332AR	976	e20170707_092123_013098
4376825168	597AF93B000332AR	976	e20170707_092123_013098
0718720303	597AF93B000332AR	976	e20170707_092123_013098
4397731140	597AF93B000332AR	976	e20170707_092123_013098
7533441529	597AF93B000332AR	976	e20170707_092123_013098
4082076737	597AF93B000332AR	976	e20170707_092123_013098
0686872004	597AF93B000332AR	976	e20170707_092123_013098
7570079681	597AF93B000332AR	976	e20170707_092123_013098
5672203136	597AF93B000332AR	976	e20170707_092123_013098
9297700217	597AF93B000332AR	976	e20170707_092123_013098
9934471793	597AF93B000332AR	976	e20170707_092123_013098
7786721774	597AF93B000332AR	976	e20170707_092123_013098
4297292355	597AF93B000332AR	976	e20170707_092123_013098
4198450414	597AF93B000332AR	976	e20170707_092123_013098
2403384695	597AF93B000332AR	976	e20170707_092123_013098
6354356184	597AF93B000332AR	976	e20170707_092123_013098
1526333192	597AF93B000332AR	976	e20170707_092123_013098
8768491285	597AF93B000332AR	976	e20170707_092123_013098
0157693279	597AF93B000332AR	976	e20170707_092123_013098
2928019987	597AF93B000332AR	976	e20170707_092123_013098
9587659417	597AF93B000332AR	976	e20170707_092123_013098
5260464274	597AF93B000332AR	976	e20170707_092123_013098
8574712334	597AF93B000332AR	976	e20170707_092123_013098
6914180916	597AF93B000332AR	976	e20170707_092123_013098
4258299960	597AF93B000332AR	976	e20170707_092123_013098
4927591808	597AF93B000332AR	976	e20170707_092123_013098
4052769498	597AF93B000332AR	976	e20170707_092123_013098
1523767397	597AF93B000332AR	976	e20170707_092123_013098
4676841129	597AF93B000332AR	976	e20170707_092123_013098
8616485530	597AF93B000332AR	976	e20170707_092123_013098
5785469401	597AF93B000332AR	976	e20170707_092123_013098
9336382550	597AF93B000332AR	976	e20170707_092123_013098
3235753541	597AF93B000332AR	976	e20170707_092123_013098
6442444144	597AF93B000332AR	976	e20170707_092123_013098
5596033798	597AF93B000332AR	976	e20170707_092123_013098
0686295426	597AF93B000332AR	976	e20170707_092123_013098
6453316748	597AF93B000332AR	976	e20170707_092123_013098
2571883309	597AF93B000332AR	976	e20170707_092123_013098
1867609139	597AF93B000332AR	976	e20170707_092123_013098
0728000906	597AF93B000332AR	976	e20170707_092123_013098
9724116324	597AF93B000332AR	976	e20170707_092123_013098
8583687154	597AF93B000332AR	976	e20170707_092123_013098
4592927134	597AF93B000332AR	976	e20170707_092123_013098
2881827808	597AF93B000332AR	976	e20170707_092123_013098
0487200618	597AF93B000332AR	976	e20170707_092123_013098
6316143511	597AF93B000332AR	976	e20170707_092123_013098
2410396743	597AF93B000332AR	976	e20170707_092123_013098
3692800483	597AF93B000332AR	976	e20170707_092123_013098
8192669695	597AF93B000332AR	976	e20170707_092123_013098
1673643445	597AF93B000332AR	976	e20170707_092123_013098
3910956363	597AF93B000332AR	976	e20170707_092123_013098
6600801237	597AF93B000332AR	976	e20170707_092123_013098
1680828049	597AF93B000332AR	976	e20170707_092123_013098
2686563932	597AF93B000332AR	976	e20170707_092123_013098
5571504399	597AF93B000332AR	976	e20170707_092123_013098
4649526564	597AF93B000332AR	976	e20170707_092123_013098
5312936082	597AF93B000332AR	976	e20170707_092123_013098
5006794533	597AF93B000332AR	976	e20170707_092123_013098
7540557538	597AF93B000332AR	976	e20170707_092123_013098
9795397209	597AF93B000332AR	976	e20170707_092123_013098
7694755160	597AF93B000332AR	976	e20170707_092123_013098
6937726194	597AF93B000332AR	976	e20170707_092123_013098
9863660274	597AF93B000332AR	976	e20170707_092123_013098
1809224839	597AF93B000332AR	976	e20170707_092123_013098
7442837814	597AF93B000332AR	976	e20170707_092123_013098
7876534780	597AF93B000332AR	976	e20170707_092123_013098
7842176610	597AF93B000332AR	976	e20170707_092123_013098
0132640673	597AF93B000332AR	976	e20170707_092123_013098
2759789157	597AF93B000332AR	976	e20170707_092123_013098
0684867037	597AF93B000332AR	976	e20170707_092123_013098
5785495434	597AF93B000332AR	976	e20170707_092123_013098
5925109042	597AF93B000332AR	976	e20170707_092123_013098
2097203116	597AF93B000332AR	976	e20170707_092123_013098
7818006048	597AF93B000332AR	976	e20170707_092123_013098
0691164852	597AF93B000332AR	976	e20170707_092123_013098
9313983280	597AF93B000332AR	976	e20170707_092123_013098
1424695424	597AF93B000332AR	976	e20170707_092123_013098
5223521792	597AF93B000332AR	976	e20170707_092123_013098
5745867165	597AF93B000332AR	976	e20170707_092123_013098
9103434378	597AF93B000332AR	976	e20170707_092123_013098
1771099921	597AF93B000332AR	976	e20170707_092123_013098
9180916924	597AF93B000332AR	976	e20170707_092123_013098
0987792615	597AF93B000332AR	976	e20170707_092123_013098
9903674972	597AF93B000332AR	976	e20170707_092123_013098
5686956032	597AF93B000332AR	976	e20170707_092123_013098
2106712986	597AF93B000332AR	976	e20170707_092123_013098
0425568597	597AF93B000332AR	976	e20170707_092123_013098
0438433317	597AF93B000332AR	976	e20170707_092123_013098
2075480720	597AF93B000332AR	976	e20170707_092123_013098
3706246810	597AF93B000332AR	976	e20170707_092123_013098
0616028450	597AF93B000332AR	976	e20170707_092123_013098
2335433146	597AF93B000332AR	976	e20170707_092123_013098
4106472047	597AF93B000332AR	976	e20170707_092123_013098
6164227847	597AF93B000332AR	976	e20170707_092123_013098
4259613056	597AF93B000332AR	976	e20170707_092123_013098
4154602011	597AF93B000332AR	976	e20170707_092123_013098
5719239630	597AF93B000332AR	976	e20170707_092123_013098
9667905081	597AF93B000332AR	976	e20170707_092123_013098
8277953142	597AF93B000332AR	976	e20170707_092123_013098
6273643294	597AF93B000332AR	976	e20170707_092123_013098
1239370915	597AF93B000332AR	976	e20170707_092123_013098
7530287423	597AF93B000332AR	976	e20170707_092123_013098
0350530808	597AF93B000332AR	976	e20170707_092123_013098
7133325422	597AF93B000332AR	976	e20170707_092123_013098
1124282525	597AF93B000332AR	976	e20170707_092123_013098
6774440656	597AF93B000332AR	976	e20170707_092123_013098
6409684640	597AF93B000332AR	976	e20170707_092123_013098
5970731130	597AF93B000332AR	976	e20170707_092123_013098
4360885606	597AF93B000332AR	976	e20170707_092123_013098
3571570901	597AF93B000332AR	976	e20170707_092123_013098
6845204191	597AF93B000332AR	976	e20170707_092123_013098
3524858507	597AF93B000332AR	976	e20170707_092123_013098
6152683979	597AF93B000332AR	976	e20170707_092123_013098
7820582180	597AF93B000332AR	976	e20170707_092123_013098
5708146199	597AF93B000332AR	976	e20170707_092123_013098
9094497829	597AF93B000332AR	976	e20170707_092123_013098
6043548974	597AF93B000332AR	976	e20170707_092123_013098
4728127919	597AF93B000332AR	976	e20170707_092123_013098
0640150995	597AF93B000332AR	976	e20170707_092123_013098
0092114573	597AF93B000332AR	976	e20170707_092123_013098
9144990219	597AF93B000332AR	976	e20170707_092123_013098
0486811217	597AF93B000332AR	976	e20170707_092123_013098
4887197865	597AF93B000332AR	976	e20170707_092123_013098
0672798159	597AF93B000332AR	976	e20170707_092123_013098
2812577509	597AF93B000332AR	976	e20170707_092123_013098
5428449441	597AF93B000332AR	976	e20170707_092123_013098
1398336425	597AF93B000332AR	976	e20170707_092123_013098
8954304088	597AF93B000332AR	976	e20170707_092123_013098
6008646985	597AF93B000332AR	976	e20170707_092123_013098
9496536057	597AF93B000332AR	976	e20170707_092123_013098
8422576181	597AF93B000332AR	976	e20170707_092123_013098
4619345673	597AF93B000332AR	976	e20170707_092123_013098
6636387692	597AF93B000332AR	976	e20170707_092123_013098
9966145187	597AF93B000332AR	976	e20170707_092123_013098
0125762639	597AF93B000332AR	976	e20170707_092123_013098
9137395836	597AF93B000332AR	976	e20170707_092123_013098
1348307978	597AF93B000332AR	976	e20170707_092123_013098
1737895746	597AF93B000332AR	976	e20170707_092123_013098
0769898757	597AF93B000332AR	976	e20170707_092123_013098
3891138737	597AF93B000332AR	976	e20170707_092123_013098
1478351976	597AF93B000332AR	976	e20170707_092123_013098
8448624012	597AF93B000332AR	976	e20170707_092123_013098
8170241025	597AF93B000332AR	976	e20170707_092123_013098
7418606409	597AF93B000332AR	976	e20170707_092123_013098
5072522584	597AF93B000332AR	976	e20170707_092123_013098
5257896093	597AF93B000332AR	976	e20170707_092123_013098
0495629859	597AF93B000332AR	976	e20170707_092123_013098
0983498164	597AF93B000332AR	976	e20170707_092123_013098
9526847244	597AF93B000332AR	976	e20170707_092123_013098
5648840572	597AF93B000332AR	976	e20170707_092123_013098
2330201730	597AF93B000332AR	976	e20170707_092123_013098
6551903177	597AF93B000332AR	976	e20170707_092123_013098
6648384125	597AF93B000332AR	976	e20170707_092123_013098
9297668664	597AF93B000332AR	976	e20170707_092123_013098
9757680140	597AF93B000332AR	976	e20170707_092123_013098
4512586029	597AF93B000332AR	976	e20170707_092123_013098
2493063003	597AF93B000332AR	991	e20170722_092639_013097
9124304045	597AF93B000332AR	991	e20170722_092639_013097
4968472074	597AF93B000332AR	991	e20170722_092639_013097
5032993180	597AF93B000332AR	991	e20170722_092639_013097
4862209674	597AF93B000332AR	991	e20170722_092639_013097
6979725944	597AF93B000332AR	991	e20170722_092639_013097
9600289096	597AF93B000332AR	991	e20170722_092639_013097
0724142665	597AF93B000332AR	991	e20170722_092639_013097
0868134761	597AF93B000332AR	991	e20170722_092639_013097
2736708129	597AF93B000332AR	991	e20170722_092639_013097
6447635517	597AF93B000332AR	991	e20170722_092639_013097
8925847315	597AF93B000332AR	991	e20170722_092639_013097
1389103568	597AF93B000332AR	991	e20170722_092639_013097
6989691936	597AF93B000332AR	991	e20170722_092639_013097
6267285391	597AF93B000332AR	991	e20170722_092639_013097
6191816976	597AF93B000332AR	991	e20170722_092639_013097
8690316996	597AF93B000332AR	991	e20170722_092639_013097
9156762690	597AF93B000332AR	991	e20170722_092639_013097
5935554768	597AF93B000332AR	991	e20170722_092639_013097
3613091780	597AF93B000332AR	991	e20170722_092639_013097
4840327777	597AF93B000332AR	991	e20170722_092639_013097
1631133471	597AF93B000332AR	991	e20170722_092639_013097
4972457549	597AF93B000332AR	991	e20170722_092639_013097
5010722381	597AF93B000332AR	991	e20170722_092639_013097
2825873443	597AF93B000332AR	991	e20170722_092639_013097
2090022455	597AF93B000332AR	991	e20170722_092639_013097
1535555170	597AF93B000332AR	991	e20170722_092639_013097
8705503648	597AF93B000332AR	991	e20170722_092639_013097
2665815118	597AF93B000332AR	991	e20170722_092639_013097
8324681823	597AF93B000332AR	991	e20170722_092639_013097
8102497051	597AF93B000332AR	991	e20170722_092639_013097
0588906387	597AF93B000332AR	991	e20170722_092639_013097
2719730448	597AF93B000332AR	991	e20170722_092639_013097
5617197466	597AF93B000332AR	991	e20170722_092639_013097
5574502855	597AF93B000332AR	991	e20170722_092639_013097
2203759569	597AF93B000332AR	991	e20170722_092639_013097
8881871115	597AF93B000332AR	991	e20170722_092639_013097
7774288069	597AF93B000332AR	991	e20170722_092639_013097
5429933831	597AF93B000332AR	991	e20170722_092639_013097
4369206303	597AF93B000332AR	991	e20170722_092639_013097
1891481112	597AF93B000332AR	991	e20170722_092639_013097
1521326049	597AF93B000332AR	991	e20170722_092639_013097
3805005913	597AF93B000332AR	991	e20170722_092639_013097
9171348788	597AF93B000332AR	991	e20170722_092639_013097
8945025196	597AF93B000332AR	991	e20170722_092639_013097
4025499874	597AF93B000332AR	991	e20170722_092639_013097
3572343659	597AF93B000332AR	991	e20170722_092639_013097
8489805413	597AF93B000332AR	991	e20170722_092639_013097
8173915775	597AF93B000332AR	991	e20170722_092639_013097
2525973551	597AF93B000332AR	991	e20170722_092639_013097
0501627703	597AF93B000332AR	991	e20170722_092639_013097
3418807911	597AF93B000332AR	991	e20170722_092639_013097
5212136330	597AF93B000332AR	991	e20170722_092639_013097
3945509963	597AF93B000332AR	991	e20170722_092639_013097
1393298772	597AF93B000332AR	991	e20170722_092639_013097
9532959503	597AF93B000332AR	991	e20170722_092639_013097
5507386674	597AF93B000332AR	991	e20170722_092639_013097
1689939400	597AF93B000332AR	991	e20170722_092639_013097
2495050746	597AF93B000332AR	991	e20170722_092639_013097
1453406406	597AF93B000332AR	991	e20170722_092639_013097
0276334678	597AF93B000332AR	991	e20170722_092639_013097
0933223356	597AF93B000332AR	991	e20170722_092639_013097
2572237400	597AF93B000332AR	991	e20170722_092639_013097
4415874959	597AF93B000332AR	991	e20170722_092639_013097
1079756458	597AF93B000332AR	991	e20170722_092639_013097
0228362150	597AF93B000332AR	991	e20170722_092639_013097
4642386529	597AF93B000332AR	991	e20170722_092639_013097
9327045636	597AF93B000332AR	991	e20170722_092639_013097
9143816215	597AF93B000332AR	991	e20170722_092639_013097
1268141568	597AF93B000332AR	991	e20170722_092639_013097
3768207068	597AF93B000332AR	991	e20170722_092639_013097
1925637468	597AF93B000332AR	991	e20170722_092639_013097
7935273738	597AF93B000332AR	991	e20170722_092639_013097
6413123406	597AF93B000332AR	991	e20170722_092639_013097
7589910624	597AF93B000332AR	991	e20170722_092639_013097
6666982264	597AF93B000332AR	991	e20170722_092639_013097
5374097445	597AF93B000332AR	991	e20170722_092639_013097
3025522371	597AF93B000332AR	991	e20170722_092639_013097
9128061569	597AF93B000332AR	991	e20170722_092639_013097
0570501359	597AF93B000332AR	991	e20170722_092639_013097
2601415524	597AF93B000332AR	991	e20170722_092639_013097
3527356743	597AF93B000332AR	991	e20170722_092639_013097
8474741221	597AF93B000332AR	991	e20170722_092639_013097
6029622695	597AF93B000332AR	991	e20170722_092639_013097
2675053160	597AF93B000332AR	991	e20170722_092639_013097
4989011053	597AF93B000332AR	991	e20170722_092639_013097
0314650116	597AF93B000332AR	991	e20170722_092639_013097
7091245234	597AF93B000332AR	991	e20170722_092639_013097
2116518921	597AF93B000332AR	991	e20170722_092639_013097
3461625844	597AF93B000332AR	991	e20170722_092639_013097
6319223304	597AF93B000332AR	991	e20170722_092639_013097
0303420726	597AF93B000332AR	991	e20170722_092639_013097
0485834952	597AF93B000332AR	991	e20170722_092639_013097
8981521064	597AF93B000332AR	991	e20170722_092639_013097
2564223470	597AF93B000332AR	991	e20170722_092639_013097
6703343909	597AF93B000332AR	991	e20170722_092639_013097
5139462777	597AF93B000332AR	991	e20170722_092639_013097
6994452937	597AF93B000332AR	991	e20170722_092639_013097
9090633582	597AF93B000332AR	991	e20170722_092639_013097
0110231687	597AF93B000332AR	991	e20170722_092639_013097
0018606340	597AF93B000332AR	991	e20170722_092639_013097
0977823546	597AF93B000332AR	991	e20170722_092639_013097
0708462151	597AF93B000332AR	991	e20170722_092639_013097
7818267900	597AF93B000332AR	991	e20170722_092639_013097
6814745980	597AF93B000332AR	991	e20170722_092639_013097
2299941784	597AF93B000332AR	991	e20170722_092639_013097
5325606193	597AF93B000332AR	991	e20170722_092639_013097
0977938445	597AF93B000332AR	991	e20170722_092639_013097
5990733662	597AF93B000332AR	991	e20170722_092639_013097
4262593592	597AF93B000332AR	991	e20170722_092639_013097
1867949669	597AF93B000332AR	991	e20170722_092639_013097
8386010502	597AF93B000332AR	991	e20170722_092639_013097
1887694467	597AF93B000332AR	991	e20170722_092639_013097
6296342511	597AF93B000332AR	991	e20170722_092639_013097
1517450242	597AF93B000332AR	991	e20170722_092639_013097
3304283254	597AF93B000332AR	991	e20170722_092639_013097
3625022116	597AF93B000332AR	991	e20170722_092639_013097
5941993095	597AF93B000332AR	991	e20170722_092639_013097
0090585215	597AF93B000332AR	991	e20170722_092639_013097
3876395570	597AF93B000332AR	991	e20170722_092639_013097
9451919226	597AF93B000332AR	991	e20170722_092639_013097
9299388569	597AF93B000332AR	991	e20170722_092639_013097
3896468356	597AF93B000332AR	991	e20170722_092639_013097
0002376844	597AF93B000332AR	991	e20170722_092639_013097
8565250267	597AF93B000332AR	991	e20170722_092639_013097
8116600339	597AF93B000332AR	991	e20170722_092639_013097
3904626664	597AF93B000332AR	991	e20170722_092639_013097
8908229742	597AF93B000332AR	991	e20170722_092639_013097
4738289770	597AF93B000332AR	991	e20170722_092639_013097
3486687328	597AF93B000332AR	991	e20170722_092639_013097
3443104553	597AF93B000332AR	991	e20170722_092639_013097
9776492493	597AF93B000332AR	991	e20170722_092639_013097
3698692599	597AF93B000332AR	991	e20170722_092639_013097
5358640855	597AF93B000332AR	991	e20170722_092639_013097
4100800783	597AF93B000332AR	991	e20170722_092639_013097
6257720964	597AF93B000332AR	991	e20170722_092639_013097
1880162057	597AF93B000332AR	991	e20170722_092639_013097
7704521566	597AF93B000332AR	991	e20170722_092639_013097
8109905080	597AF93B000332AR	991	e20170722_092639_013097
9395954495	597AF93B000332AR	991	e20170722_092639_013097
6493341000	597AF93B000332AR	991	e20170722_092639_013097
6662598909	597AF93B000332AR	991	e20170722_092639_013097
3667228568	597AF93B000332AR	991	e20170722_092639_013097
9557765851	597AF93B000332AR	991	e20170722_092639_013097
3162575435	597AF93B000332AR	991	e20170722_092639_013097
3490879671	597AF93B000332AR	991	e20170722_092639_013097
3088817053	597AF93B000332AR	991	e20170722_092639_013097
1330895016	597AF93B000332AR	991	e20170722_092639_013097
4681722673	597AF93B000332AR	991	e20170722_092639_013097
8801594358	597AF93B000332AR	991	e20170722_092639_013097
8689979516	597AF93B000332AR	991	e20170722_092639_013097
1670837228	597AF93B000332AR	991	e20170722_092639_013097
0790852229	597AF93B000332AR	991	e20170722_092639_013097
1576424937	597AF93B000332AR	991	e20170722_092639_013097
0834377825	597AF93B000332AR	991	e20170722_092639_013097
3372893079	597AF93B000332AR	991	e20170722_092639_013097
3234199745	597AF93B000332AR	991	e20170722_092639_013097
3354719010	597AF93B000332AR	991	e20170722_092639_013097
0558769671	597AF93B000332AR	991	e20170722_092639_013097
4196851858	597AF93B000332AR	991	e20170722_092639_013097
8592403592	597AF93B000332AR	991	e20170722_092639_013097
4215213420	597AF93B000332AR	991	e20170722_092639_013097
6676025977	597AF93B000332AR	991	e20170722_092639_013097
1676014881	597AF93B000332AR	991	e20170722_092639_013097
7531593889	597AF93B000332AR	991	e20170722_092639_013097
9324344488	597AF93B000332AR	991	e20170722_092639_013097
4884271165	597AF93B000332AR	991	e20170722_092639_013097
2114690280	597AF93B000332AR	991	e20170722_092639_013097
7428336784	597AF93B000332AR	991	e20170722_092639_013097
0160555651	597AF93B000332AR	991	e20170722_092639_013097
2776622520	597AF93B000332AR	991	e20170722_092639_013097
5371035452	597AF93B000332AR	991	e20170722_092639_013097
3086198969	597AF93B000332AR	991	e20170722_092639_013097
9411197451	597AF93B000332AR	991	e20170722_092639_013097
0005705886	597AF93B000332AR	991	e20170722_092639_013097
7084766918	597AF93B000332AR	991	e20170722_092639_013097
4053717718	597AF93B000332AR	991	e20170722_092639_013097
2544106458	597AF93B000332AR	991	e20170722_092639_013097
3387572837	597AF93B000332AR	991	e20170722_092639_013097
6189120253	597AF93B000332AR	991	e20170722_092639_013097
4622743203	597AF93B000332AR	991	e20170722_092639_013097
8551569215	597AF93B000332AR	991	e20170722_092639_013097
2713159419	597AF93B000332AR	991	e20170722_092639_013097
5081545414	597AF93B000332AR	991	e20170722_092639_013097
9623419216	597AF93B000332AR	991	e20170722_092639_013097
7932673344	597AF93B000332AR	991	e20170722_092639_013097
1025869139	597AF93B000332AR	991	e20170722_092639_013097
4733281085	597AF93B000332AR	991	e20170722_092639_013097
8003478970	597AF93B000332AR	991	e20170722_092639_013097
9955467085	597AF93B000332AR	991	e20170722_092639_013097
4312039771	597AF93B000332AR	991	e20170722_092639_013097
5653106021	597AF93B000332AR	991	e20170722_092639_013097
0169380759	597AF93B000332AR	991	e20170722_092639_013097
9446631387	597AF93B000332AR	991	e20170722_092639_013097
0729349613	597AF93B000332AR	991	e20170722_092639_013097
1145705681	597AF93B000332AR	991	e20170722_092639_013097
2363417753	597AF93B000332AR	991	e20170722_092639_013097
0554230995	597AF93B000332AR	991	e20170722_092639_013097
6428994680	597AF93B000332AR	991	e20170722_092639_013097
1297768382	597AF93B000332AR	991	e20170722_092639_013097
4680967142	597AF93B000332AR	991	e20170722_092639_013097
3866555713	597AF93B000332AR	991	e20170722_092639_013097
4336794349	597AF93B000332AR	991	e20170722_092639_013097
9879743795	597AF93B000332AR	991	e20170722_092639_013097
4820856222	597AF93B000332AR	991	e20170722_092639_013097
8525400282	597AF93B000332AR	991	e20170722_092639_013097
9380703094	597AF93B000332AR	991	e20170722_092639_013097
7347556364	597AF93B000332AR	991	e20170722_092639_013097
7313718080	597AF93B000332AR	991	e20170722_092639_013097
3646088652	597AF93B000332AR	991	e20170722_092639_013097
0688661106	597AF93B000332AR	991	e20170722_092639_013097
7420038822	597AF93B000332AR	991	e20170722_092639_013097
8421259309	597AF93B000332AR	991	e20170722_092639_013097
6830505796	597AF93B000332AR	991	e20170722_092639_013097
3533406854	597AF93B000332AR	991	e20170722_092639_013097
8392402374	597AF93B000332AR	991	e20170722_092639_013097
0640372587	597AF93B000332AR	991	e20170722_092639_013097
3611039729	597AF93B000332AR	991	e20170722_092639_013097
4943850884	597AF93B000332AR	991	e20170722_092639_013097
5375409124	597AF93B000332AR	991	e20170722_092639_013097
4241949679	597AF93B000332AR	991	e20170722_092639_013097
0039019629	597AF93B000332AR	991	e20170722_092639_013097
3364503504	597AF93B000332AR	991	e20170722_092639_013097
0546819615	597AF93B000332AR	991	e20170722_092639_013097
3669114652	597AF93B000332AR	991	e20170722_092639_013097
0830353609	597AF93B000332AR	991	e20170722_092639_013097
8858569361	597AF93B000332AR	991	e20170722_092639_013097
2800269972	597AF93B000332AR	991	e20170722_092639_013097
6949460925	597AF93B000332AR	991	e20170722_092639_013097
9008260994	597AF93B000332AR	991	e20170722_092639_013097
9632806480	597AF93B000332AR	991	e20170722_092639_013097
3316258538	597AF93B000332AR	991	e20170722_092639_013097
5117131898	597AF93B000332AR	991	e20170722_092639_013097
2336860267	597AF93B000332AR	991	e20170722_092639_013097
0377449444	597AF93B000332AR	991	e20170722_092639_013097
0038824698	597AF93B000332AR	991	e20170722_092639_013097
5746032653	597AF93B000332AR	991	e20170722_092639_013097
6444434512	597AF93B000332AR	991	e20170722_092639_013097
0322982594	597AF93B000332AR	991	e20170722_092639_013097
8026208915	597AF93B000332AR	991	e20170722_092639_013097
9307224343	597AF93B000332AR	991	e20170722_092639_013097
4192568321	597AF93B000332AR	991	e20170722_092639_013097
9545383538	597AF93B000332AR	991	e20170722_092639_013097
3607597258	597AF93B000332AR	991	e20170722_092639_013097
7845668953	597AF93B000332AR	991	e20170722_092639_013097
7626833927	597AF93B000332AR	991	e20170722_092639_013097
3497575724	597AF93B000332AR	991	e20170722_092639_013097
6681115967	597AF93B000332AR	991	e20170722_092639_013097
2112751891	597AF93B000332AR	991	e20170722_092639_013097
4490094129	597AF93B000332AR	991	e20170722_092639_013097
5203213675	597AF93B000332AR	991	e20170722_092639_013097
5729401187	597AF93B000332AR	991	e20170722_092639_013097
1698402765	597AF93B000332AR	991	e20170722_092639_013097
8037898176	597AF93B000332AR	991	e20170722_092639_013097
6532082074	597AF93B000332AR	991	e20170722_092639_013097
0371449022	597AF93B000332AR	991	e20170722_092639_013097
5361587742	597AF93B000332AR	991	e20170722_092639_013097
2876305260	597AF93B000332AR	991	e20170722_092639_013097
6479801218	597AF93B000332AR	991	e20170722_092639_013097
5949417871	597AF93B000332AR	991	e20170722_092639_013097
6676738861	597AF93B000332AR	991	e20170722_092639_013097
1501106295	597AF93B000332AR	991	e20170722_092639_013097
8233143095	597AF93B000332AR	991	e20170722_092639_013097
7454718765	5D03A0FF0000332E	1557	e20170714_183531_013102
6754132958	5D03A0FF0000332E	1557	e20170714_183531_013102
1325311328	5D03A0FF0000332E	1557	e20170714_183531_013102
9171419796	5D03A0FF0000332E	1557	e20170714_183531_013102
3083729689	5D03A0FF0000332E	1557	e20170714_183531_013102
2275916874	5D03A0FF0000332E	1557	e20170714_183531_013102
6958407468	5D03A0FF0000332E	1557	e20170714_183531_013102
3142479423	5D03A0FF0000332E	1557	e20170714_183531_013102
5352251145	5D03A0FF0000332E	1557	e20170714_183531_013102
0882288873	5D03A0FF0000332E	1557	e20170714_183531_013102
2958809398	5D03A0FF0000332E	1557	e20170714_183531_013102
6184642734	5D03A0FF0000332E	1557	e20170714_183531_013102
5401826046	5D03A0FF0000332E	1557	e20170714_183531_013102
7167820710	5D03A0FF0000332E	1557	e20170714_183531_013102
2812026835	5D03A0FF0000332E	1557	e20170714_183531_013102
5706372120	5D03A0FF0000332E	1557	e20170714_183531_013102
9133590103	5D03A0FF0000332E	1557	e20170714_183531_013102
1642048020	5D03A0FF0000332E	1557	e20170714_183531_013102
2462164896	5D03A0FF0000332E	1557	e20170714_183531_013102
0273954105	5D03A0FF0000332E	1557	e20170714_183531_013102
3398120356	5D03A0FF0000332E	1557	e20170714_183531_013102
9744795305	5D03A0FF0000332E	1557	e20170714_183531_013102
7534880286	5D03A0FF0000332E	1557	e20170714_183531_013102
1203807070	5D03A0FF0000332E	1557	e20170714_183531_013102
3448042802	5D03A0FF0000332E	1557	e20170714_183531_013102
5633763780	5D03A0FF0000332E	1557	e20170714_183531_013102
5138985960	5D03A0FF0000332E	1557	e20170714_183531_013102
7004269748	5D03A0FF0000332E	1557	e20170714_183531_013102
9998253202	5D03A0FF0000332E	1557	e20170714_183531_013102
8352802316	5D03A0FF0000332E	1557	e20170714_183531_013102
9369281226	5D03A0FF0000332E	1557	e20170714_183531_013102
3085499623	5D03A0FF0000332E	1557	e20170714_183531_013102
9784533944	5D03A0FF0000332E	1557	e20170714_183531_013102
1359842034	5D03A0FF0000332E	1557	e20170714_183531_013102
3933596201	5D03A0FF0000332E	1557	e20170714_183531_013102
7807902258	5D03A0FF0000332E	1557	e20170714_183531_013102
4336011865	5D03A0FF0000332E	1557	e20170714_183531_013102
7552180301	5D03A0FF0000332E	1557	e20170714_183531_013102
2991697842	5D03A0FF0000332E	1557	e20170714_183531_013102
2443267123	5D03A0FF0000332E	1557	e20170714_183531_013102
1291589317	5D03A0FF0000332E	1557	e20170714_183531_013102
7928494995	5D03A0FF0000332E	1557	e20170714_183531_013102
3897162051	5D03A0FF0000332E	1557	e20170714_183531_013102
5761447968	5D03A0FF0000332E	1557	e20170714_183531_013102
5269874499	5D03A0FF0000332E	1557	e20170714_183531_013102
4042472252	5D03A0FF0000332E	1557	e20170714_183531_013102
8194824892	5D03A0FF0000332E	1557	e20170714_183531_013102
2553720697	5D03A0FF0000332E	1557	e20170714_183531_013102
3722086718	5D03A0FF0000332E	1557	e20170714_183531_013102
4001829594	5D03A0FF0000332E	1557	e20170714_183531_013102
7549603310	5D03A0FF0000332E	1557	e20170714_183531_013102
8670143080	5D03A0FF0000332E	1557	e20170714_183531_013102
0490133985	5D03A0FF0000332E	1557	e20170714_183531_013102
8259389785	5D03A0FF0000332E	1557	e20170714_183531_013102
8314318515	5D03A0FF0000332E	1557	e20170714_183531_013102
3901732835	5D03A0FF0000332E	1557	e20170714_183531_013102
1478746556	5D03A0FF0000332E	1557	e20170714_183531_013102
1148917979	5D03A0FF0000332E	1557	e20170714_183531_013102
0651802738	5D03A0FF0000332E	1557	e20170714_183531_013102
8058979106	5D03A0FF0000332E	1557	e20170714_183531_013102
3739967576	5D03A0FF0000332E	1557	e20170714_183531_013102
9918195457	5D03A0FF0000332E	1557	e20170714_183531_013102
4807736503	5D03A0FF0000332E	1557	e20170714_183531_013102
7840898729	5D03A0FF0000332E	1557	e20170714_183531_013102
5465312528	5D03A0FF0000332E	1557	e20170714_183531_013102
2482644757	5D03A0FF0000332E	1557	e20170714_183531_013102
6788503808	5D03A0FF0000332E	1557	e20170714_183531_013102
8112558729	5D03A0FF0000332E	1557	e20170714_183531_013102
2702601277	5D03A0FF0000332E	1557	e20170714_183531_013102
5936080806	5D03A0FF0000332E	1557	e20170714_183531_013102
4820701962	5D03A0FF0000332E	1557	e20170714_183531_013102
2988576908	5D03A0FF0000332E	1557	e20170714_183531_013102
8577802348	5D03A0FF0000332E	1557	e20170714_183531_013102
5895401018	5D03A0FF0000332E	1557	e20170714_183531_013102
8289613206	5D03A0FF0000332E	1557	e20170714_183531_013102
1203839883	5D03A0FF0000332E	1557	e20170714_183531_013102
5992117241	5D03A0FF0000332E	1557	e20170714_183531_013102
1602381939	5D03A0FF0000332E	1557	e20170714_183531_013102
8511961948	5D03A0FF0000332E	1557	e20170714_183531_013102
1310556920	5D03A0FF0000332E	1557	e20170714_183531_013102
2389359014	5D03A0FF0000332E	1557	e20170714_183531_013102
0550017263	5D03A0FF0000332E	1557	e20170714_183531_013102
1143066558	5D03A0FF0000332E	1557	e20170714_183531_013102
5735295549	5D03A0FF0000332E	1557	e20170714_183531_013102
3876739169	5D03A0FF0000332E	1557	e20170714_183531_013102
1808493669	5D03A0FF0000332E	1557	e20170714_183531_013102
5192860767	5D03A0FF0000332E	1557	e20170714_183531_013102
3899978914	5D03A0FF0000332E	1557	e20170714_183531_013102
9044748355	5D03A0FF0000332E	1557	e20170714_183531_013102
9365901853	5D03A0FF0000332E	1557	e20170714_183531_013102
7374740634	5D03A0FF0000332E	1557	e20170714_183531_013102
6472438145	5D03A0FF0000332E	1557	e20170714_183531_013102
0565764318	5D03A0FF0000332E	1557	e20170714_183531_013102
1608584227	5D03A0FF0000332E	1557	e20170714_183531_013102
6743304890	5D03A0FF0000332E	1557	e20170714_183531_013102
9996922154	5D03A0FF0000332E	1557	e20170714_183531_013102
3485937846	5D03A0FF0000332E	1557	e20170714_183531_013102
8978308510	5D03A0FF0000332E	1557	e20170714_183531_013102
9394902318	5D03A0FF0000332E	1557	e20170714_183531_013102
7986795847	5D03A0FF0000332E	1557	e20170714_183531_013102
2345001078	5D03A0FF0000332E	1557	e20170714_183531_013102
8541872153	5D03A0FF0000332E	1557	e20170714_183531_013102
2051582020	5D03A0FF0000332E	1557	e20170714_183531_013102
5775175893	5D03A0FF0000332E	1557	e20170714_183531_013102
8195220339	5D03A0FF0000332E	1557	e20170714_183531_013102
4188299150	5D03A0FF0000332E	1557	e20170714_183531_013102
9382991200	5D03A0FF0000332E	1557	e20170714_183531_013102
8665463616	5D03A0FF0000332E	1557	e20170714_183531_013102
2623268931	5D03A0FF0000332E	1557	e20170714_183531_013102
6212756298	5D03A0FF0000332E	1557	e20170714_183531_013102
4265887488	5D03A0FF0000332E	1557	e20170714_183531_013102
7882027761	5D03A0FF0000332E	1557	e20170714_183531_013102
9230838707	5D03A0FF0000332E	1557	e20170714_183531_013102
8890989909	5D03A0FF0000332E	1557	e20170714_183531_013102
7561243925	5D03A0FF0000332E	1557	e20170714_183531_013102
7018750214	5D03A0FF0000332E	1557	e20170714_183531_013102
2002068043	5D03A0FF0000332E	1557	e20170714_183531_013102
0728358300	5D03A0FF0000332E	1557	e20170714_183531_013102
0189530698	5D03A0FF0000332E	1557	e20170714_183531_013102
8307788562	5D03A0FF0000332E	1557	e20170714_183531_013102
1289568052	5D03A0FF0000332E	1557	e20170714_183531_013102
7701483658	5D03A0FF0000332E	1557	e20170714_183531_013102
7838172703	5D03A0FF0000332E	1557	e20170714_183531_013102
6291683066	5D03A0FF0000332E	1557	e20170714_183531_013102
8128164150	5D03A0FF0000332E	1557	e20170714_183531_013102
0002874181	5D03A0FF0000332E	1557	e20170714_183531_013102
6028186526	5D03A0FF0000332E	1557	e20170714_183531_013102
8531324557	5D03A0FF0000332E	1557	e20170714_183531_013102
3459396947	5D03A0FF0000332E	1557	e20170714_183531_013102
4173450346	5D03A0FF0000332E	1557	e20170714_183531_013102
9776301856	5D03A0FF0000332E	1557	e20170714_183531_013102
2216935004	5D03A0FF0000332E	1557	e20170714_183531_013102
8279960054	5D03A0FF0000332E	1557	e20170714_183531_013102
6210290702	5D03A0FF0000332E	1557	e20170714_183531_013102
2856372546	5D03A0FF0000332E	1557	e20170714_183531_013102
1275121049	5D03A0FF0000332E	1557	e20170714_183531_013102
7016701732	5D03A0FF0000332E	1557	e20170714_183531_013102
7214954040	5D03A0FF0000332E	1557	e20170714_183531_013102
3769249499	5D03A0FF0000332E	1557	e20170714_183531_013102
8245920697	5D03A0FF0000332E	1557	e20170714_183531_013102
5143713736	5D03A0FF0000332E	1557	e20170714_183531_013102
5615675762	5D03A0FF0000332E	1557	e20170714_183531_013102
3373689517	5D03A0FF0000332E	1557	e20170714_183531_013102
6385951962	5D03A0FF0000332E	1557	e20170714_183531_013102
0442974809	5D03A0FF0000332E	1557	e20170714_183531_013102
8531707420	5D03A0FF0000332E	1557	e20170714_183531_013102
0416262235	5D03A0FF0000332E	1557	e20170714_183531_013102
6872533101	5D03A0FF0000332E	1557	e20170714_183531_013102
8018469406	5D03A0FF0000332E	1557	e20170714_183531_013102
1175192220	5D03A0FF0000332E	1557	e20170714_183531_013102
7351207637	5D03A0FF0000332E	1557	e20170714_183531_013102
1565266084	5D03A0FF0000332E	1557	e20170714_183531_013102
7692014628	5D03A0FF0000332E	1557	e20170714_183531_013102
6679971468	5D03A0FF0000332E	1557	e20170714_183531_013102
3140832405	5D03A0FF0000332E	1557	e20170714_183531_013102
2443410937	5D03A0FF0000332E	1557	e20170714_183531_013102
0480393639	5D03A0FF0000332E	1557	e20170714_183531_013102
0237785203	5D03A0FF0000332E	1557	e20170714_183531_013102
7767774042	5D03A0FF0000332E	1557	e20170714_183531_013102
8746723346	5D03A0FF0000332E	1557	e20170714_183531_013102
2208916960	5D03A0FF0000332E	1557	e20170714_183531_013102
8139229794	5D03A0FF0000332E	1557	e20170714_183531_013102
1830341065	5D03A0FF0000332E	1557	e20170714_183531_013102
5366394285	5D03A0FF0000332E	1557	e20170714_183531_013102
5364238054	5D03A0FF0000332E	1557	e20170714_183531_013102
4489249886	5D03A0FF0000332E	1557	e20170714_183531_013102
2669759251	5D03A0FF0000332E	1557	e20170714_183531_013102
4633711895	5D03A0FF0000332E	1557	e20170714_183531_013102
6692104067	5D03A0FF0000332E	1557	e20170714_183531_013102
2175898229	5D03A0FF0000332E	1557	e20170714_183531_013102
4852808348	5D03A0FF0000332E	1557	e20170714_183531_013102
0602530028	5D03A0FF0000332E	1557	e20170714_183531_013102
2030521933	5D03A0FF0000332E	1557	e20170714_183531_013102
9568136449	5D03A0FF0000332E	1557	e20170714_183531_013102
1438024317	5D03A0FF0000332E	1557	e20170714_183531_013102
4326901074	5D03A0FF0000332E	1557	e20170714_183531_013102
7933740085	5D03A0FF0000332E	1557	e20170714_183531_013102
2956518112	5D03A0FF0000332E	1557	e20170714_183531_013102
8336534494	5D03A0FF0000332E	1557	e20170714_183531_013102
5737509943	5D03A0FF0000332E	1557	e20170714_183531_013102
5135183188	5D03A0FF0000332E	1557	e20170714_183531_013102
8133728112	5D03A0FF0000332E	1557	e20170714_183531_013102
6688174146	5D03A0FF0000332E	1557	e20170714_183531_013102
4103886550	5D03A0FF0000332E	1557	e20170714_183531_013102
6657828954	5D03A0FF0000332E	1557	e20170714_183531_013102
4383081159	5D03A0FF0000332E	1557	e20170714_183531_013102
1568178705	5D03A0FF0000332E	1557	e20170714_183531_013102
2214037495	5D03A0FF0000332E	1557	e20170714_183531_013102
5105612364	5D03A0FF0000332E	1557	e20170714_183531_013102
3580671054	5D03A0FF0000332E	1557	e20170714_183531_013102
8114366141	5D03A0FF0000332E	1557	e20170714_183531_013102
6993091898	5D03A0FF0000332E	1557	e20170714_183531_013102
3689447915	5D03A0FF0000332E	1557	e20170714_183531_013102
3152454878	5D03A0FF0000332E	1557	e20170714_183531_013102
6182553590	5D03A0FF0000332E	1557	e20170714_183531_013102
0096177554	5D03A0FF0000332E	1557	e20170714_183531_013102
8447155728	5D03A0FF0000332E	1557	e20170714_183531_013102
2691828503	5D03A0FF0000332E	1557	e20170714_183531_013102
7584813193	5D03A0FF0000332E	1557	e20170714_183531_013102
8208822118	5D03A0FF0000332E	1557	e20170714_183531_013102
4552584051	5D03A0FF0000332E	1557	e20170714_183531_013102
1699499804	5D03A0FF0000332E	1557	e20170714_183531_013102
8012319198	5D03A0FF0000332E	1557	e20170714_183531_013102
0388268455	5D03A0FF0000332E	1557	e20170714_183531_013102
0757068316	5D03A0FF0000332E	1557	e20170714_183531_013102
7988675567	5D03A0FF0000332E	1557	e20170714_183531_013102
4290262894	5D03A0FF0000332E	1557	e20170714_183531_013102
8669884011	5D03A0FF0000332E	1557	e20170714_183531_013102
4724058710	5D03A0FF0000332E	1557	e20170714_183531_013102
5379392226	5D03A0FF0000332E	1557	e20170714_183531_013102
6725356497	5D03A0FF0000332E	1557	e20170714_183531_013102
7308000544	5D03A0FF0000332E	1557	e20170714_183531_013102
8039768466	5D03A0FF0000332E	1557	e20170714_183531_013102
4564680039	5D03A0FF0000332E	1557	e20170714_183531_013102
8198684793	5D03A0FF0000332E	1557	e20170714_183531_013102
5034578896	5D03A0FF0000332E	1557	e20170714_183531_013102
1348587571	5D03A0FF0000332E	1557	e20170714_183531_013102
4577787443	5D03A0FF0000332E	1557	e20170714_183531_013102
5247768188	5D03A0FF0000332E	1557	e20170714_183531_013102
5994482859	5D03A0FF0000332E	1557	e20170714_183531_013102
0065519461	5D03A0FF0000332E	1557	e20170714_183531_013102
3315791035	5D03A0FF0000332E	1557	e20170714_183531_013102
6681660285	5D03A0FF0000332E	1557	e20170714_183531_013102
3041349839	5D03A0FF0000332E	1557	e20170714_183531_013102
5198258352	5D03A0FF0000332E	1557	e20170714_183531_013102
5445366284	5D03A0FF0000332E	1557	e20170714_183531_013102
7798446523	5D03A0FF0000332E	1557	e20170714_183531_013102
0975335373	5D03A0FF0000332E	1557	e20170714_183531_013102
5039344208	5D03A0FF0000332E	1557	e20170714_183531_013102
2462358779	5D03A0FF0000332E	1557	e20170714_183531_013102
1820240866	5D03A0FF0000332E	1557	e20170714_183531_013102
7105708192	5D03A0FF0000332E	1557	e20170714_183531_013102
0678569683	5D03A0FF0000332E	1557	e20170714_183531_013102
3948968045	5D03A0FF0000332E	1557	e20170714_183531_013102
8761704192	5D03A0FF0000332E	1557	e20170714_183531_013102
5933545536	5D03A0FF0000332E	1557	e20170714_183531_013102
1339191772	5D03A0FF0000332E	1557	e20170714_183531_013102
3816245082	5D03A0FF0000332E	1557	e20170714_183531_013102
9573265083	5D03A0FF0000332E	1557	e20170714_183531_013102
5336831210	5D03A0FF0000332E	1557	e20170714_183531_013102
2608304098	5D03A0FF0000332E	1557	e20170714_183531_013102
5033239919	5D03A0FF0000332E	1557	e20170714_183531_013102
8008314182	5D03A0FF0000332E	1557	e20170714_183531_013102
7413394938	5D03A0FF0000332E	1557	e20170714_183531_013102
7000117651	5D03A0FF0000332E	1557	e20170714_183531_013102
2695458258	5D03A0FF0000332E	1557	e20170714_183531_013102
2809569412	5D03A0FF0000332E	1557	e20170714_183531_013102
2216581578	5D03A0FF0000332E	1557	e20170714_183531_013102
1023499190	5D03A0FF0000332E	1557	e20170714_183531_013102
2403047574	5D03A0FF0000332E	1557	e20170714_183531_013102
8322727680	5D03A0FF0000332E	1557	e20170714_183531_013102
9491362973	5D03A0FF0000332E	1557	e20170714_183531_013102
1709475728	5D03A0FF0000332E	1557	e20170714_183531_013102
6952017949	5D03A0FF0000332E	1557	e20170714_183531_013102
7076979146	5D03A0FF0000332E	1557	e20170714_183531_013102
4945882450	5D03A0FF0000332E	1557	e20170714_183531_013102
6407515790	5D03A0FF0000332E	1557	e20170714_183531_013102
5634306235	5D03A0FF0000332E	1557	e20170714_183531_013102
0672711128	5D03A0FF0000332E	1557	e20170714_183531_013102
5451809687	5D03A0FF0000332E	1557	e20170714_183531_013102
6854959284	5D03A0FF0000332E	1557	e20170714_183531_013102
6182895441	5D03A0FF0000332E	1557	e20170714_183531_013102
5659272985	5D03A0FF0000332E	1557	e20170714_183531_013102
9693324484	5D03A0FF0000332E	1557	e20170714_183531_013102
8085039504	5D03A0FF0000332E	1557	e20170714_183531_013102
5679437594	5D03A0FF0000332E	1557	e20170714_183531_013102
5276688703	5D03A0FF0000332E	1557	e20170714_183531_013102
5245564472	5D03A0FF0000332E	1557	e20170714_183531_013102
5926796302	5D03A0FF0000332E	1557	e20170714_183531_013102
7185537544	5D03A0FF0000332E	1557	e20170714_183531_013102
0939717698	5D03A0FF0000332E	1557	e20170714_183531_013102
4680162729	5D03A0FF0000332E	1557	e20170714_183531_013102
5172414592	5D03A0FF0000332E	1557	e20170714_183531_013102
5832214216	5D03A0FF0000332E	1557	e20170714_183531_013102
7440385933	5D03A0FF0000332E	1557	e20170714_183531_013102
1894327825	5D03A0FF0000332E	1557	e20170714_183531_013102
8842478071	5D03A0FF0000332E	1557	e20170714_183531_013102
3388664997	5D03A0FF0000332E	1557	e20170714_183531_013102
4038722973	5D03A0FF0000332E	1557	e20170714_183531_013102
6275933251	5D03A0FF0000332E	1557	e20170714_183531_013102
9940681460	5D03A0FF0000332E	1557	e20170714_183531_013102
7939415651	5D03A0FF0000332E	1557	e20170714_183531_013102
1647570114	5D03A0FF0000332E	1557	e20170714_183531_013102
3825411166	5D0766F700003330	1096	e20170709_154812_013104
8215458416	5D0766F700003330	1096	e20170709_154812_013104
1163016569	5D0766F700003330	1096	e20170709_154812_013104
0185155397	5D0766F700003330	1096	e20170709_154812_013104
9118493446	5D0766F700003330	1096	e20170709_154812_013104
0531426538	5D0766F700003330	1096	e20170709_154812_013104
9373138022	5D0766F700003330	1096	e20170709_154812_013104
4336837489	5D0766F700003330	1096	e20170709_154812_013104
1509475946	5D0766F700003330	1096	e20170709_154812_013104
4675670908	5D0766F700003330	1096	e20170709_154812_013104
1767392676	5D0766F700003330	1096	e20170709_154812_013104
5060737110	5D0766F700003330	1096	e20170709_154812_013104
5120747389	5D0766F700003330	1096	e20170709_154812_013104
4967864958	5D0766F700003330	1096	e20170709_154812_013104
8730407711	5D0766F700003330	1096	e20170709_154812_013104
5875273986	5D0766F700003330	1096	e20170709_154812_013104
4033880513	5D0766F700003330	1096	e20170709_154812_013104
0057316616	5D0766F700003330	1096	e20170709_154812_013104
6755632885	5D0766F700003330	1096	e20170709_154812_013104
2521462694	5D0766F700003330	1096	e20170709_154812_013104
4938924933	5D0766F700003330	1096	e20170709_154812_013104
2906162897	5D0766F700003330	1096	e20170709_154812_013104
2295814710	5D0766F700003330	1096	e20170709_154812_013104
3184581097	5D0766F700003330	1096	e20170709_154812_013104
0444606718	5D0766F700003330	1096	e20170709_154812_013104
3070541734	5D0766F700003330	1096	e20170709_154812_013104
5494753060	5D0766F700003330	1096	e20170709_154812_013104
0819302732	5D0766F700003330	1096	e20170709_154812_013104
7102498415	5D0766F700003330	1096	e20170709_154812_013104
7106792687	5D0766F700003330	1096	e20170709_154812_013104
7403019737	5D0766F700003330	1096	e20170709_154812_013104
9772551786	5D0766F700003330	1096	e20170709_154812_013104
5996280289	5D0766F700003330	1096	e20170709_154812_013104
6451366720	5D0766F700003330	1096	e20170709_154812_013104
1957881554	5D0766F700003330	1096	e20170709_154812_013104
2966642541	5D0766F700003330	1096	e20170709_154812_013104
2541767328	5D0766F700003330	1096	e20170709_154812_013104
5450725819	5D0766F700003330	1096	e20170709_154812_013104
8308574806	5D0766F700003330	1096	e20170709_154812_013104
1457557759	5D0766F700003330	1096	e20170709_154812_013104
3788589685	5D0766F700003330	1096	e20170709_154812_013104
2984551957	5D0766F700003330	1096	e20170709_154812_013104
6431101363	5D0766F700003330	1096	e20170709_154812_013104
0910406589	5D0766F700003330	1096	e20170709_154812_013104
3439385842	5D0766F700003330	1096	e20170709_154812_013104
7742140130	5D0766F700003330	1096	e20170709_154812_013104
0940729775	5D0766F700003330	1096	e20170709_154812_013104
9600526355	5D0766F700003330	1096	e20170709_154812_013104
1033035939	5D0766F700003330	1096	e20170709_154812_013104
6263621418	5D0766F700003330	1096	e20170709_154812_013104
2975527873	5D0766F700003330	1096	e20170709_154812_013104
7063510505	5D0766F700003330	1096	e20170709_154812_013104
2058980543	5D0766F700003330	1096	e20170709_154812_013104
6077184315	5D0766F700003330	1096	e20170709_154812_013104
2896321897	5D0766F700003330	1096	e20170709_154812_013104
2624229087	5D0766F700003330	1096	e20170709_154812_013104
5341573759	5D0766F700003330	1096	e20170709_154812_013104
5039343429	5D0766F700003330	1096	e20170709_154812_013104
0119970790	5D0766F700003330	1096	e20170709_154812_013104
6072884513	5D0766F700003330	1096	e20170709_154812_013104
1910766477	5D0766F700003330	1096	e20170709_154812_013104
1606124344	5D0766F700003330	1096	e20170709_154812_013104
7948413678	5D0766F700003330	1096	e20170709_154812_013104
8918488748	5D0766F700003330	1096	e20170709_154812_013104
8220665544	5D0766F700003330	1096	e20170709_154812_013104
5022578272	5D0766F700003330	1096	e20170709_154812_013104
7650433748	5D0766F700003330	1096	e20170709_154812_013104
8558534963	5D0766F700003330	1096	e20170709_154812_013104
2607360449	5D0766F700003330	1096	e20170709_154812_013104
9559810176	5D0766F700003330	1096	e20170709_154812_013104
3556489752	5D0766F700003330	1096	e20170709_154812_013104
7226171090	5D0766F700003330	1096	e20170709_154812_013104
8695698368	5D0766F700003330	1096	e20170709_154812_013104
7123467357	5D0766F700003330	1096	e20170709_154812_013104
8644379201	5D0766F700003330	1096	e20170709_154812_013104
0223124445	5D0766F700003330	1096	e20170709_154812_013104
4790265040	5D0766F700003330	1096	e20170709_154812_013104
3617195035	5D0766F700003330	1096	e20170709_154812_013104
8626446174	5D0766F700003330	1096	e20170709_154812_013104
4609392393	5D0766F700003330	1096	e20170709_154812_013104
8119826783	5D0766F700003330	1096	e20170709_154812_013104
0840553270	5D0766F700003330	1096	e20170709_154812_013104
7060918757	5D0766F700003330	1096	e20170709_154812_013104
8426514153	5D0766F700003330	1096	e20170709_154812_013104
3503655638	5D0766F700003330	1096	e20170709_154812_013104
9623209630	5D0766F700003330	1096	e20170709_154812_013104
0056810342	5D0766F700003330	1096	e20170709_154812_013104
7046254674	5D0766F700003330	1096	e20170709_154812_013104
1587657155	5D0766F700003330	1096	e20170709_154812_013104
0150078799	5D0766F700003330	1096	e20170709_154812_013104
1756246540	5D0766F700003330	1096	e20170709_154812_013104
6865667159	5D0766F700003330	1096	e20170709_154812_013104
8357504439	5D0766F700003330	1096	e20170709_154812_013104
7482648337	5D0766F700003330	1096	e20170709_154812_013104
7777715588	5D0766F700003330	1096	e20170709_154812_013104
0781334736	5D0766F700003330	1096	e20170709_154812_013104
3178847463	5D0766F700003330	1096	e20170709_154812_013104
2597136986	5D0766F700003330	1096	e20170709_154812_013104
7447484628	5D0766F700003330	1096	e20170709_154812_013104
7219094031	5D0766F700003330	1096	e20170709_154812_013104
7905064287	5D0766F700003330	1096	e20170709_154812_013104
4559688812	5D0766F700003330	1096	e20170709_154812_013104
9186883642	5D0766F700003330	1096	e20170709_154812_013104
4804296069	5D0766F700003330	1096	e20170709_154812_013104
0313812694	5D0766F700003330	1096	e20170709_154812_013104
5930885389	5D0766F700003330	1096	e20170709_154812_013104
3104018322	5D0766F700003330	1096	e20170709_154812_013104
6430996355	5D0766F700003330	1096	e20170709_154812_013104
5306544859	5D0766F700003330	1096	e20170709_154812_013104
5973366656	5D0766F700003330	1096	e20170709_154812_013104
7503728723	5D0766F700003330	1096	e20170709_154812_013104
6862338194	5D0766F700003330	1096	e20170709_154812_013104
0458068604	5D0766F700003330	1096	e20170709_154812_013104
2931840442	5D0766F700003330	1096	e20170709_154812_013104
2038464893	5D0766F700003330	1096	e20170709_154812_013104
8982961598	5D0766F700003330	1096	e20170709_154812_013104
7140101804	5D0766F700003330	1096	e20170709_154812_013104
6023523635	5D0766F700003330	1096	e20170709_154812_013104
6534472780	5D0766F700003330	1096	e20170709_154812_013104
3023063127	5D0766F700003330	1096	e20170709_154812_013104
8823778513	5D0766F700003330	1096	e20170709_154812_013104
2047879365	5D0766F700003330	1096	e20170709_154812_013104
9498900841	5D0766F700003330	1096	e20170709_154812_013104
9079502568	5D0766F700003330	1096	e20170709_154812_013104
9016389825	5D0766F700003330	1096	e20170709_154812_013104
6408096834	5D0766F700003330	1096	e20170709_154812_013104
1558812638	5D0766F700003330	1096	e20170709_154812_013104
6469742492	5D0766F700003330	1096	e20170709_154812_013104
3508206213	5D0766F700003330	1096	e20170709_154812_013104
5297927671	5D0766F700003330	1096	e20170709_154812_013104
6329785870	5D0766F700003330	1096	e20170709_154812_013104
0131320522	5D0766F700003330	1096	e20170709_154812_013104
2319031000	5D0766F700003330	1096	e20170709_154812_013104
4114709488	5D0766F700003330	1096	e20170709_154812_013104
4578864909	5D0766F700003330	1096	e20170709_154812_013104
9014095474	5D0766F700003330	1096	e20170709_154812_013104
8656027093	5D0766F700003330	1096	e20170709_154812_013104
0719385272	5D0766F700003330	1096	e20170709_154812_013104
6963768654	5D0766F700003330	1096	e20170709_154812_013104
3149633921	5D0766F700003330	1096	e20170709_154812_013104
5179229297	5D0766F700003330	1096	e20170709_154812_013104
7516904649	5D0766F700003330	1096	e20170709_154812_013104
3507961945	5D0766F700003330	1096	e20170709_154812_013104
8677187347	5D0766F700003330	1096	e20170709_154812_013104
5886969194	5D0766F700003330	1096	e20170709_154812_013104
0933253753	5D0766F700003330	1096	e20170709_154812_013104
5436777313	5D0766F700003330	1096	e20170709_154812_013104
8393027308	5D0766F700003330	1096	e20170709_154812_013104
4254257253	5D0766F700003330	1096	e20170709_154812_013104
1368655777	5D0766F700003330	1096	e20170709_154812_013104
7383995589	5D0766F700003330	1096	e20170709_154812_013104
7430819647	5D0766F700003330	1096	e20170709_154812_013104
8121769744	5D0766F700003330	1096	e20170709_154812_013104
1799533279	5D0766F700003330	1096	e20170709_154812_013104
7907709196	5D0766F700003330	1096	e20170709_154812_013104
1502128413	5D0766F700003330	1096	e20170709_154812_013104
9783281073	5D0766F700003330	1096	e20170709_154812_013104
0568709248	5D0766F700003330	1096	e20170709_154812_013104
0995231693	5D0766F700003330	1096	e20170709_154812_013104
2896303345	5D0766F700003330	1096	e20170709_154812_013104
1246719159	5D0766F700003330	1096	e20170709_154812_013104
3472801031	5D0766F700003330	1096	e20170709_154812_013104
4022755422	5D0766F700003330	1096	e20170709_154812_013104
5040689478	5D0766F700003330	1096	e20170709_154812_013104
6285382061	5D0766F700003330	1096	e20170709_154812_013104
8597157698	5D0766F700003330	1096	e20170709_154812_013104
7554617362	5D0766F700003330	1096	e20170709_154812_013104
0606867410	5D0766F700003330	1096	e20170709_154812_013104
3540511854	5D0766F700003330	1096	e20170709_154812_013104
8027033662	5D0766F700003330	1096	e20170709_154812_013104
9147024817	5D0766F700003330	1096	e20170709_154812_013104
2495334867	5D0766F700003330	1096	e20170709_154812_013104
5686917784	5D0766F700003330	1096	e20170709_154812_013104
4786155627	5D0766F700003330	1096	e20170709_154812_013104
1997691946	5D0766F700003330	1096	e20170709_154812_013104
7058327684	5D0766F700003330	1096	e20170709_154812_013104
2735661578	5D0766F700003330	1096	e20170709_154812_013104
4751821706	5D0766F700003330	1096	e20170709_154812_013104
2785517718	5D0766F700003330	1096	e20170709_154812_013104
3340196300	5D0766F700003330	1096	e20170709_154812_013104
0755741266	5D0766F700003330	1096	e20170709_154812_013104
1439136429	5D0766F700003330	1096	e20170709_154812_013104
3284972839	5D0766F700003330	1096	e20170709_154812_013104
6215692758	5D0766F700003330	1096	e20170709_154812_013104
4239192048	5D0766F700003330	1096	e20170709_154812_013104
7842037682	5D0766F700003330	1096	e20170709_154812_013104
1269691602	5D0766F700003330	1096	e20170709_154812_013104
9659036203	5D0766F700003330	1096	e20170709_154812_013104
3891462104	5D0766F700003330	1096	e20170709_154812_013104
9386094407	5D0766F700003330	1096	e20170709_154812_013104
7778471776	5D0766F700003330	1096	e20170709_154812_013104
1253521930	5D0766F700003330	1096	e20170709_154812_013104
2582587388	5D0766F700003330	1096	e20170709_154812_013104
6208270139	5D0766F700003330	1096	e20170709_154812_013104
5143888901	5D0766F700003330	1096	e20170709_154812_013104
6924024298	5D0766F700003330	1096	e20170709_154812_013104
6158575222	5D0766F700003330	1096	e20170709_154812_013104
6993473082	5D0766F700003330	1096	e20170709_154812_013104
2588548516	5D0766F700003330	1096	e20170709_154812_013104
2118788359	5D0766F700003330	1096	e20170709_154812_013104
2941812014	5D0766F700003330	1096	e20170709_154812_013104
9747707176	5D0766F700003330	1096	e20170709_154812_013104
7999743996	5D0766F700003330	1096	e20170709_154812_013104
7838527203	5D0766F700003330	1096	e20170709_154812_013104
1827693012	5D0766F700003330	1096	e20170709_154812_013104
8511308215	5D0766F700003330	1096	e20170709_154812_013104
5996896906	5D0766F700003330	1096	e20170709_154812_013104
2024438349	5D0766F700003330	1096	e20170709_154812_013104
9404771300	5D0766F700003330	1096	e20170709_154812_013104
6594176559	5D0766F700003330	1096	e20170709_154812_013104
7100723141	5D0766F700003330	1096	e20170709_154812_013104
6029444467	5D0766F700003330	1096	e20170709_154812_013104
0043809988	5D0766F700003330	1096	e20170709_154812_013104
1086680638	5D0766F700003330	1096	e20170709_154812_013104
9434362409	5D0766F700003330	1096	e20170709_154812_013104
0290453124	5D0766F700003330	1096	e20170709_154812_013104
2247796425	5D0766F700003330	1096	e20170709_154812_013104
3977603016	5D0766F700003330	1096	e20170709_154812_013104
7145696213	5D0766F700003330	1096	e20170709_154812_013104
3260518563	5D0766F700003330	1096	e20170709_154812_013104
0327277341	5D0766F700003330	1096	e20170709_154812_013104
8681705759	5D0766F700003330	1096	e20170709_154812_013104
9371966726	5D0766F700003330	1096	e20170709_154812_013104
4181228484	5D0766F700003330	1096	e20170709_154812_013104
4466884279	5D0766F700003330	1096	e20170709_154812_013104
9444229143	5D0766F700003330	1096	e20170709_154812_013104
2626661043	5D0766F700003330	1096	e20170709_154812_013104
3362682002	5D0766F700003330	1096	e20170709_154812_013104
9659435321	5D0766F700003330	1096	e20170709_154812_013104
6305988883	5D0766F700003330	1096	e20170709_154812_013104
6033942623	5D0766F700003330	1096	e20170709_154812_013104
9588191896	5D0766F700003330	1096	e20170709_154812_013104
4766246395	5D0766F700003330	1096	e20170709_154812_013104
7119289828	5D0766F700003330	1096	e20170709_154812_013104
8533396068	5D0766F700003330	1096	e20170709_154812_013104
2007230811	5D0766F700003330	1096	e20170709_154812_013104
0302537669	5D0766F700003330	1096	e20170709_154812_013104
8808074559	5D0766F700003330	1096	e20170709_154812_013104
4416241639	5D0766F700003330	1096	e20170709_154812_013104
5904667310	5D0766F700003330	1096	e20170709_154812_013104
0276546549	5D0766F700003330	1096	e20170709_154812_013104
5562029330	5D0766F700003330	1096	e20170709_154812_013104
5637102261	5D0766F700003330	1096	e20170709_154812_013104
7015059964	5D0766F700003330	1096	e20170709_154812_013104
4605606090	5D0766F700003330	1096	e20170709_154812_013104
1682987497	5D0766F700003330	1096	e20170709_154812_013104
2381425758	5D0766F700003330	1096	e20170709_154812_013104
7048737103	5D0766F700003330	1096	e20170709_154812_013104
6199079904	5D0766F700003330	1096	e20170709_154812_013104
3442699886	5D0766F700003330	1096	e20170709_154812_013104
6550610941	5D0766F700003330	1096	e20170709_154812_013104
4276993317	5D0766F700003330	1096	e20170709_154812_013104
5786373932	5D0766F700003330	1096	e20170709_154812_013104
2726799099	5D0766F700003330	1096	e20170709_154812_013104
2082850775	5D0766F700003330	1096	e20170709_154812_013104
3264057757	5D0766F700003330	1096	e20170709_154812_013104
7902167907	5D0766F700003330	1096	e20170709_154812_013104
2845258094	5D0766F700003330	1096	e20170709_154812_013104
6143290662	5D0766F700003330	1096	e20170709_154812_013104
2392429722	5D0766F700003330	1096	e20170709_154812_013104
4510636533	5D0766F700003330	1096	e20170709_154812_013104
2571615792	5D0766F700003330	1096	e20170709_154812_013104
3629098427	5D0766F700003330	1096	e20170709_154812_013104
6262796662	5D0766F700003330	1096	e20170709_154812_013104
0232998780	5D0766F700003330	1096	e20170709_154812_013104
2064702912	5D0766F700003330	1096	e20170709_154812_013104
4088169853	5D0766F700003330	1096	e20170709_154812_013104
9706790269	5D07674200003329	1791	e20170714_182140_013097
3930203329	5D07674200003329	1791	e20170714_182140_013097
5970192174	5D07674200003329	1791	e20170714_182140_013097
2979611268	5D07674200003329	1791	e20170714_182140_013097
2812122118	5D07674200003329	1791	e20170714_182140_013097
8180206922	5D07674200003329	1791	e20170714_182140_013097
8690931821	5D07674200003329	1791	e20170714_182140_013097
8833913659	5D07674200003329	1791	e20170714_182140_013097
3048038915	5D07674200003329	1791	e20170714_182140_013097
2289137772	5D07674200003329	1791	e20170714_182140_013097
3869667169	5D07674200003329	1791	e20170714_182140_013097
0467298844	5D07674200003329	1791	e20170714_182140_013097
4466093253	5D07674200003329	1791	e20170714_182140_013097
0252467870	5D07674200003329	1791	e20170714_182140_013097
4552376275	5D07674200003329	1791	e20170714_182140_013097
1670284402	5D07674200003329	1791	e20170714_182140_013097
5531089646	5D07674200003329	1791	e20170714_182140_013097
7245576918	5D07674200003329	1791	e20170714_182140_013097
5349375264	5D07674200003329	1791	e20170714_182140_013097
8020182677	5D07674200003329	1791	e20170714_182140_013097
1868427698	5D07674200003329	1791	e20170714_182140_013097
2681028908	5D07674200003329	1791	e20170714_182140_013097
7981086069	5D07674200003329	1791	e20170714_182140_013097
6051337552	5D07674200003329	1791	e20170714_182140_013097
9914324000	5D07674200003329	1791	e20170714_182140_013097
4573181623	5D07674200003329	1791	e20170714_182140_013097
4505424505	5D07674200003329	1791	e20170714_182140_013097
4932773389	5D07674200003329	1791	e20170714_182140_013097
9801540444	5D07674200003329	1791	e20170714_182140_013097
3976577387	5D07674200003329	1791	e20170714_182140_013097
5427538958	5D07674200003329	1791	e20170714_182140_013097
3582589394	5D07674200003329	1791	e20170714_182140_013097
2349775661	5D07674200003329	1791	e20170714_182140_013097
6691845887	5D07674200003329	1791	e20170714_182140_013097
7871457441	5D07674200003329	1791	e20170714_182140_013097
4959261147	5D07674200003329	1791	e20170714_182140_013097
1133810821	5D07674200003329	1791	e20170714_182140_013097
8282027666	5D07674200003329	1791	e20170714_182140_013097
0129644214	5D07674200003329	1791	e20170714_182140_013097
8785617299	5D07674200003329	1791	e20170714_182140_013097
4224425729	5D07674200003329	1791	e20170714_182140_013097
6494621020	5D07674200003329	1791	e20170714_182140_013097
5069067269	5D07674200003329	1791	e20170714_182140_013097
0270707193	5D07674200003329	1791	e20170714_182140_013097
0646816756	5D07674200003329	1791	e20170714_182140_013097
9042440436	5D07674200003329	1791	e20170714_182140_013097
1767282403	5D07674200003329	1791	e20170714_182140_013097
8955863559	5D07674200003329	1791	e20170714_182140_013097
1540579097	5D07674200003329	1791	e20170714_182140_013097
3856460391	5D07674200003329	1791	e20170714_182140_013097
6663413890	5D07674200003329	1791	e20170714_182140_013097
2533631596	5D07674200003329	1791	e20170714_182140_013097
3671992316	5D07674200003329	1791	e20170714_182140_013097
6268936550	5D07674200003329	1791	e20170714_182140_013097
9398507126	5D07674200003329	1791	e20170714_182140_013097
4298804530	5D07674200003329	1791	e20170714_182140_013097
5750899535	5D07674200003329	1791	e20170714_182140_013097
6485805618	5D07674200003329	1791	e20170714_182140_013097
6595884833	5D07674200003329	1791	e20170714_182140_013097
2650956259	5D07674200003329	1791	e20170714_182140_013097
6121254633	5D07674200003329	1791	e20170714_182140_013097
7569104712	5D07674200003329	1791	e20170714_182140_013097
0786589452	5D07674200003329	1791	e20170714_182140_013097
2998169065	5D07674200003329	1791	e20170714_182140_013097
2997117608	5D07674200003329	1791	e20170714_182140_013097
0761083777	5D07674200003329	1791	e20170714_182140_013097
9957129589	5D07674200003329	1791	e20170714_182140_013097
0208316925	5D07674200003329	1791	e20170714_182140_013097
5035591086	5D07674200003329	1791	e20170714_182140_013097
3732301508	5D07674200003329	1791	e20170714_182140_013097
8706778121	5D07674200003329	1791	e20170714_182140_013097
9297371628	5D07674200003329	1791	e20170714_182140_013097
4924846771	5D07674200003329	1791	e20170714_182140_013097
2986194795	5D07674200003329	1791	e20170714_182140_013097
3623784255	5D07674200003329	1791	e20170714_182140_013097
3207141130	5D07674200003329	1791	e20170714_182140_013097
3190646218	5D07674200003329	1791	e20170714_182140_013097
4076061864	5D07674200003329	1791	e20170714_182140_013097
3952378686	5D07674200003329	1791	e20170714_182140_013097
4667179448	5D07674200003329	1791	e20170714_182140_013097
8987963042	5D07674200003329	1791	e20170714_182140_013097
5805525850	5D07674200003329	1791	e20170714_182140_013097
4767989816	5D07674200003329	1791	e20170714_182140_013097
0600478086	5D07674200003329	1791	e20170714_182140_013097
2310435665	5D07674200003329	1791	e20170714_182140_013097
8392360043	5D07674200003329	1791	e20170714_182140_013097
9875329674	5D07674200003329	1791	e20170714_182140_013097
7281212824	5D07674200003329	1791	e20170714_182140_013097
2169263275	5D07674200003329	1791	e20170714_182140_013097
0531119241	5D07674200003329	1791	e20170714_182140_013097
3481765982	5D07674200003329	1791	e20170714_182140_013097
7629511505	5D07674200003329	1791	e20170714_182140_013097
9544882526	5D07674200003329	1791	e20170714_182140_013097
5582529335	5D07674200003329	1791	e20170714_182140_013097
0504206075	5D07674200003329	1791	e20170714_182140_013097
6552570100	5D07674200003329	1791	e20170714_182140_013097
4847591774	5D07674200003329	1791	e20170714_182140_013097
9560053293	5D07674200003329	1791	e20170714_182140_013097
5439301439	5D07674200003329	1791	e20170714_182140_013097
6303412454	5D07674200003329	1791	e20170714_182140_013097
1950974833	5D07674200003329	1791	e20170714_182140_013097
8090557788	5D07674200003329	1791	e20170714_182140_013097
4822273191	5D07674200003329	1791	e20170714_182140_013097
9301386589	5D07674200003329	1791	e20170714_182140_013097
3766271837	5D07674200003329	1791	e20170714_182140_013097
7068233948	5D07674200003329	1791	e20170714_182140_013097
6361087501	5D07674200003329	1791	e20170714_182140_013097
7143286223	5D07674200003329	1791	e20170714_182140_013097
2019882535	5D07674200003329	1791	e20170714_182140_013097
2480185238	5D07674200003329	1791	e20170714_182140_013097
8686231060	5D07674200003329	1791	e20170714_182140_013097
3277759349	5D07674200003329	1791	e20170714_182140_013097
0375680042	5D07674200003329	1791	e20170714_182140_013097
9996380268	5D07674200003329	1791	e20170714_182140_013097
7304777083	5D07674200003329	1791	e20170714_182140_013097
8119934334	5D07674200003329	1791	e20170714_182140_013097
7631039041	5D07674200003329	1791	e20170714_182140_013097
2644903198	5D07674200003329	1791	e20170714_182140_013097
4083671469	5D07674200003329	1791	e20170714_182140_013097
0050390779	5D07674200003329	1791	e20170714_182140_013097
1800877354	5D07674200003329	1791	e20170714_182140_013097
0483549167	5D07674200003329	1791	e20170714_182140_013097
1111416243	5D07674200003329	1791	e20170714_182140_013097
7023280385	5D07674200003329	1791	e20170714_182140_013097
5413450685	5D07674200003329	1791	e20170714_182140_013097
5136925744	5D07674200003329	1791	e20170714_182140_013097
5770362799	5D07674200003329	1791	e20170714_182140_013097
6482861747	5D07674200003329	1791	e20170714_182140_013097
7001418766	5D07674200003329	1791	e20170714_182140_013097
1775908370	5D07674200003329	1791	e20170714_182140_013097
9406064710	5D07674200003329	1791	e20170714_182140_013097
1573948639	5D07674200003329	1791	e20170714_182140_013097
2635755218	5D07674200003329	1791	e20170714_182140_013097
5619063232	5D07674200003329	1791	e20170714_182140_013097
9814702255	5D07674200003329	1791	e20170714_182140_013097
1195766446	5D07674200003329	1791	e20170714_182140_013097
2213836588	5D07674200003329	1791	e20170714_182140_013097
4104559698	5D07674200003329	1791	e20170714_182140_013097
8946197276	5D07674200003329	1791	e20170714_182140_013097
1661668247	5D07674200003329	1791	e20170714_182140_013097
5085640441	5D07674200003329	1791	e20170714_182140_013097
4380964970	5D07674200003329	1791	e20170714_182140_013097
2420805030	5D07674200003329	1791	e20170714_182140_013097
3541882497	5D07674200003329	1791	e20170714_182140_013097
9848502755	5D07674200003329	1791	e20170714_182140_013097
5281510154	5D07674200003329	1791	e20170714_182140_013097
9243344336	5D07674200003329	1791	e20170714_182140_013097
5540089161	5D07674200003329	1791	e20170714_182140_013097
7095922787	5D07674200003329	1791	e20170714_182140_013097
4632838028	5D07674200003329	1791	e20170714_182140_013097
0741262779	5D07674200003329	1791	e20170714_182140_013097
4443864205	5D07674200003329	1791	e20170714_182140_013097
6356175257	5D07674200003329	1791	e20170714_182140_013097
6371350467	5D07674200003329	1791	e20170714_182140_013097
7466035913	5D07674200003329	1791	e20170714_182140_013097
9836813690	5D07674200003329	1791	e20170714_182140_013097
8296217332	5D07674200003329	1791	e20170714_182140_013097
8115511260	5D07674200003329	1791	e20170714_182140_013097
8233200009	5D07674200003329	1791	e20170714_182140_013097
0122125814	5D07674200003329	1791	e20170714_182140_013097
7838414269	5D07674200003329	1791	e20170714_182140_013097
7259564405	5D07674200003329	1791	e20170714_182140_013097
9652950034	5D07674200003329	1791	e20170714_182140_013097
5850913623	5D07674200003329	1791	e20170714_182140_013097
3107035765	5D07674200003329	1791	e20170714_182140_013097
5236295022	5D07674200003329	1791	e20170714_182140_013097
7605176470	5D07674200003329	1791	e20170714_182140_013097
2404317079	5D07674200003329	1791	e20170714_182140_013097
3637827746	5D07674200003329	1791	e20170714_182140_013097
0368963902	5D07674200003329	1791	e20170714_182140_013097
9931861647	5D07674200003329	1791	e20170714_182140_013097
4099339340	5D07674200003329	1791	e20170714_182140_013097
9572361660	5D07674200003329	1791	e20170714_182140_013097
7325419488	5D07674200003329	1791	e20170714_182140_013097
4485261837	5D07674200003329	1791	e20170714_182140_013097
5641398781	5D07674200003329	1791	e20170714_182140_013097
6647997850	5D07674200003329	1791	e20170714_182140_013097
4456440581	5D07674200003329	1791	e20170714_182140_013097
0547861992	5D07674200003329	1791	e20170714_182140_013097
8094687534	5D07674200003329	1791	e20170714_182140_013097
3612540622	5D07674200003329	1791	e20170714_182140_013097
2228576336	5D07674200003329	1791	e20170714_182140_013097
5548425821	5D07674200003329	1791	e20170714_182140_013097
3990473951	5D07674200003329	1791	e20170714_182140_013097
8410623128	5D07674200003329	1791	e20170714_182140_013097
8027304411	5D07674200003329	1791	e20170714_182140_013097
3875002707	5D07674200003329	1791	e20170714_182140_013097
9400597944	5D07674200003329	1791	e20170714_182140_013097
9372750728	5D07674200003329	1791	e20170714_182140_013097
1381788150	5D07674200003329	1791	e20170714_182140_013097
4288793132	5D07674200003329	1791	e20170714_182140_013097
9150038045	5D07674200003329	1791	e20170714_182140_013097
5429392986	5D07674200003329	1791	e20170714_182140_013097
9642906627	5D07674200003329	1791	e20170714_182140_013097
3807113356	5D07674200003329	1791	e20170714_182140_013097
0493564423	5D07674200003329	1791	e20170714_182140_013097
9929322402	5D07674200003329	1791	e20170714_182140_013097
8756753244	5D07674200003329	1791	e20170714_182140_013097
1986308751	5D07674200003329	1791	e20170714_182140_013097
8410389504	5D07674200003329	1791	e20170714_182140_013097
5649670684	5D07674200003329	1791	e20170714_182140_013097
5180662009	5D07674200003329	1791	e20170714_182140_013097
5693249200	5D07674200003329	1791	e20170714_182140_013097
9959806877	5D07674200003329	1791	e20170714_182140_013097
0375995114	5D07674200003329	1791	e20170714_182140_013097
2397549855	5D07674200003329	1791	e20170714_182140_013097
2696143857	5D07674200003329	1791	e20170714_182140_013097
1131517354	5D07674200003329	1791	e20170714_182140_013097
5572556184	5D07674200003329	1791	e20170714_182140_013097
6945558310	5D07674200003329	1791	e20170714_182140_013097
8598549228	5D07674200003329	1791	e20170714_182140_013097
1000639000	5D07674200003329	1791	e20170714_182140_013097
3514119357	5D07674200003329	1791	e20170714_182140_013097
9539477499	5D07674200003329	1791	e20170714_182140_013097
8211243570	5D07674200003329	1791	e20170714_182140_013097
9936959031	5D07674200003329	1791	e20170714_182140_013097
2721965883	5D07674200003329	1791	e20170714_182140_013097
7517516709	5D07674200003329	1791	e20170714_182140_013097
8923673238	5D07674200003329	1791	e20170714_182140_013097
6102920459	5D07674200003329	1791	e20170714_182140_013097
3751325110	5D07674200003329	1791	e20170714_182140_013097
5108759630	5D07674200003329	1791	e20170714_182140_013097
5212348555	5D07674200003329	1791	e20170714_182140_013097
3869915578	5D07674200003329	1791	e20170714_182140_013097
0553906517	5D07674200003329	1791	e20170714_182140_013097
2458431756	5D07674200003329	1791	e20170714_182140_013097
3744630415	5D07674200003329	1791	e20170714_182140_013097
1832813972	5D07674200003329	1791	e20170714_182140_013097
5175912317	5D07674200003329	1791	e20170714_182140_013097
9258325948	5D07674200003329	1791	e20170714_182140_013097
3918907479	5D07674200003329	1791	e20170714_182140_013097
3514436725	5D07674200003329	1791	e20170714_182140_013097
4161264039	5D07674200003329	1791	e20170714_182140_013097
0843435734	5D07674200003329	1791	e20170714_182140_013097
3850307008	5D07674200003329	1791	e20170714_182140_013097
8663394424	5D07674200003329	1791	e20170714_182140_013097
1078937835	5D07674200003329	1791	e20170714_182140_013097
5745822315	5D07674200003329	1791	e20170714_182140_013097
6915505071	5D07674200003329	1791	e20170714_182140_013097
8405247607	5D07674200003329	1791	e20170714_182140_013097
3961001161	5D07674200003329	1791	e20170714_182140_013097
3964844404	5D07674200003329	1791	e20170714_182140_013097
1548702162	5D07674200003329	1791	e20170714_182140_013097
9611374876	5D07674200003329	1791	e20170714_182140_013097
8389933632	5D07674200003329	1791	e20170714_182140_013097
0457572758	5D07674200003329	1791	e20170714_182140_013097
5011472882	5D07674200003329	1791	e20170714_182140_013097
7871812664	5D07674200003329	1791	e20170714_182140_013097
2479454811	5D07674200003329	1791	e20170714_182140_013097
2540152313	5D07674200003329	1791	e20170714_182140_013097
8028691598	5D07674200003329	1791	e20170714_182140_013097
1760277469	5D07674200003329	1791	e20170714_182140_013097
9897287708	5D07674200003329	1791	e20170714_182140_013097
9666777988	5D07674200003329	1791	e20170714_182140_013097
2855296285	5D07674200003329	1791	e20170714_182140_013097
5046503161	5D07674200003329	1791	e20170714_182140_013097
2199383899	5D07674200003329	1791	e20170714_182140_013097
6761116926	5D07674200003329	1791	e20170714_182140_013097
5588699839	5D07674200003329	1791	e20170714_182140_013097
3493486999	5D07674200003329	1791	e20170714_182140_013097
8098117279	5D07674200003329	1791	e20170714_182140_013097
1604363422	5D07674200003329	1791	e20170714_182140_013097
8662644146	5D07674200003329	1791	e20170714_182140_013097
8311618238	5D07674200003329	1791	e20170714_182140_013097
5410877781	5D07674200003329	1791	e20170714_182140_013097
2822214506	5D07674200003329	1791	e20170714_182140_013097
7521480899	5D07674200003329	1791	e20170714_182140_013097
0874312101	5D07674200003329	1791	e20170714_182140_013097
8158074275	5D07674200003329	1791	e20170714_182140_013097
2593185624	5D07674200003329	1791	e20170714_182140_013097
0192480864	5D07674200003329	1791	e20170714_182140_013097
2320674068	5D07674200003329	1791	e20170714_182140_013097
3996423068	5D07674200003329	1791	e20170714_182140_013097
3389567004	5D07674200003329	1791	e20170714_182140_013097
1360987301	5D07674200003329	1791	e20170714_182140_013097
8990407688	5D07674200003329	1791	e20170714_182140_013097
7325970235	5D07674200003329	1791	e20170714_182140_013097
2227830671	5D07674200003329	1791	e20170714_182140_013097
2686790398	5D07674200003329	1791	e20170714_182140_013097
9399074245	5D07674200003329	1791	e20170714_182140_013097
4410584136	5D07674200003329	1791	e20170714_182140_013097
7121418400	5D07674200003329	1791	e20170714_182140_013097
8677896348	5D07674200003329	1791	e20170714_182140_013097
3481449955	5D07674200003329	1791	e20170714_182140_013097
5877552583	5D07674200003329	1791	e20170714_182140_013097
2724314265	5D07674200003329	1791	e20170714_182140_013097
7828584508	5D07674200003329	1791	e20170714_182140_013097
5127655120	5D07674200003329	1791	e20170714_182140_013097
6324028365	5D07674200003329	1791	e20170714_182140_013097
2925437059	5D07674200003329	1791	e20170714_182140_013097
2375561660	5D07674200003329	1791	e20170714_182140_013097
1589739200	5D07674200003329	1791	e20170714_182140_013097
1474718069	5D07674200003329	1791	e20170714_182140_013097
2107230550	5D07674200003329	1791	e20170714_182140_013097
7027084966	5D07674200003329	1791	e20170714_182140_013097
6383314161	5D07674200003329	1791	e20170714_182140_013097
0013058628	5D07674200003329	1791	e20170714_182140_013097
5430012801	5D07674200003329	1791	e20170714_182140_013097
6653525907	5D07674200003329	1791	e20170714_182140_013097
7576946230	5D07674200003329	1791	e20170714_182140_013097
2134608729	5D07674200003329	1791	e20170714_182140_013097
8290305011	5D07674200003329	1791	e20170714_182140_013097
7826204635	5D07674200003329	1791	e20170714_182140_013097
4310759948	5D07674200003329	1791	e20170714_182140_013097
4657483264	5D07674200003329	1791	e20170714_182140_013097
3587308589	5D07674200003329	1791	e20170714_182140_013097
5633689883	5D07674200003329	1791	e20170714_182140_013097
0273993314	5D07674200003329	1791	e20170714_182140_013097
8853055866	5D07674200003329	1791	e20170714_182140_013097
3328423441	5D07674200003329	1791	e20170714_182140_013097
